{
 "model": "HuggingFaceTB/SmolLM2-1.7B-Instruct",
 "tag": "SmolLM2-1.7B-Instruct-pilot",
 "students": 50,
 "interactions": 3476,
 "load_seconds": 25.9,
 "gen_seconds": 24.7,
 "answers_per_second": 140.7,
 "prompts": 3476,
 "parse_failures": 53,
 "parse_failure_rate": 0.0152,
 "gates": {
  "n_interactions": 3476,
  "overall_acc": 0.4697928653624856,
  "difficulty_monotonicity": {
   "spearman": -0.08468580447005321,
   "items_used": 124
  },
  "learner_separation": {
   "separation": 0.12338708782180985,
   "top_acc": 0.5631182020253113,
   "bottom_acc": 0.4397311142035014,
   "students_used": 50
  },
  "learning_curve": {
   "slope": 0.004011960165654228,
   "curve": {
    "1": {
     "acc": 0.47265625,
     "n": 512
    },
    "2": {
     "acc": 0.41141732283464566,
     "n": 508
    },
    "3": {
     "acc": 0.4799107142857143,
     "n": 448
    },
    "4": {
     "acc": 0.4719387755102041,
     "n": 392
    },
    "5": {
     "acc": 0.46325878594249204,
     "n": 313
    },
    "6": {
     "acc": 0.4358974358974359,
     "n": 234
    },
    "7": {
     "acc": 0.4766355140186916,
     "n": 214
    },
    "8": {
     "acc": 0.4943181818181818,
     "n": 176
    }
   }
  },
  "passed": {
   "difficulty": false,
   "separation": false,
   "learning": true
  }
 }
}